Date,Price,Open,High,Low,Vol.,Change %
01/26/2000,0.131,0.131,0.131,0.131,4.36K,10.08%
01/29/2000,0.126,0.131,0.131,0.126,1.10M,-3.82%
01/30/2000,0.131,0.131,0.131,0.131,10.90K,3.97%
01/31/2000,0.128,0.128,0.128,0.128,10.90K,-2.29%
02/01/2000,0.128,0.128,0.128,0.128,10.90K,0.00%
03/07/2000,0.128,0.128,0.128,0.128,32.70K,0.00%
03/08/2000,0.128,0.128,0.128,0.128,65.40K,0.00%
04/02/2000,0.128,0.128,0.128,0.128,21.80K,0.00%
04/23/2000,0.119,0.119,0.119,0.119,10.90K,-7.03%
05/09/2000,0.119,0.119,0.119,0.119,1.09M,0.00%
06/12/2000,0.119,0.119,0.119,0.119,13.63K,0.00%
07/11/2000,0.11,0.11,0.11,0.11,21.80K,-7.56%
07/12/2000,0.11,0.11,0.11,0.11,2.18K,0.00%
07/20/2000,0.11,0.11,0.11,0.11,405.50K,0.00%
07/30/2000,0.11,0.11,0.11,0.11,1.50K,0.00%
10/09/2000,0.11,0.11,0.11,0.11,10.90K,0.00%
10/10/2000,0.11,0.11,0.11,0.11,61.04K,0.00%
10/11/2000,0.11,0.11,0.11,0.11,67.58K,0.00%
10/16/2000,0.11,0.11,0.11,0.11,43.60K,0.00%
11/19/2000,0.112,0.112,0.112,0.112,10.90K,1.82%
11/23/2000,0.112,0.112,0.112,0.112,43.60K,0.00%
12/20/2000,0.115,0.115,0.115,0.115,43.60K,2.68%
01/04/2001,0.115,0.115,0.115,0.115,43.60K,0.00%
01/07/2001,0.115,0.115,0.115,0.115,43.60K,0.00%
02/19/2001,0.115,0.115,0.115,0.115,261.61K,0.00%
03/22/2001,0.115,0.115,0.115,0.115,0.07K,0.00%
04/26/2001,0.115,0.115,0.115,0.115,3.61M,0.00%
04/29/2001,0.106,0.115,0.115,0.106,893.84K,-7.83%
06/12/2001,0.106,0.106,0.106,0.106,470.90K,0.00%
08/16/2001,0.116,0.116,0.116,0.116,10.90K,9.43%
08/20/2001,0.116,0.116,0.116,0.116,65.40K,0.00%
08/29/2001,0.116,0.116,0.116,0.116,147.75K,0.00%
09/09/2001,0.116,0.116,0.116,0.116,10.90K,0.00%
03/19/2002,0.116,0.116,0.116,0.116,436.02K,0.00%
03/28/2002,0.116,0.116,0.116,0.116,436.02K,0.00%
05/30/2002,0.116,0.116,0.116,0.116,436.02K,0.00%
08/28/2002,0.116,0.116,0.116,0.116,196.21K,0.00%
11/11/2002,0.115,0.115,0.115,0.115,218.01K,-0.86%
11/13/2002,0.115,0.115,0.115,0.115,218.01K,0.00%
11/27/2002,0.114,0.114,0.114,0.114,501.42K,-0.87%
03/31/2003,0.114,0.114,0.114,0.114,31.87K,0.00%
01/05/2004,0.103,0.103,0.103,0.103,10.90K,-9.65%
01/11/2004,0.093,0.093,0.093,0.093,10.90K,-9.71%
02/24/2004,0.084,0.084,0.084,0.084,10.90K,-9.68%
03/10/2004,0.076,0.076,0.076,0.076,10.90K,-9.52%
03/15/2004,0.068,0.068,0.068,0.068,10.90K,-10.53%
03/17/2004,0.064,0.062,0.064,0.062,3.71M,-5.88%
03/18/2004,0.069,0.065,0.069,0.065,616.94K,7.81%
03/21/2004,0.074,0.071,0.075,0.071,1.75M,7.25%
03/22/2004,0.075,0.073,0.078,0.073,1.02M,1.35%
03/23/2004,0.072,0.074,0.074,0.072,320.47K,-4.00%
03/24/2004,0.073,0.073,0.073,0.073,21.80K,1.39%
03/25/2004,0.073,0.073,0.073,0.073,817.53K,0.00%
03/30/2004,0.073,0.073,0.073,0.073,41.42K,0.00%
03/31/2004,0.073,0.073,0.074,0.073,1.19M,0.00%
04/01/2004,0.073,0.073,0.073,0.073,1.87M,0.00%
04/13/2004,0.072,0.072,0.072,0.072,109.01K,-1.37%
04/15/2004,0.072,0.072,0.072,0.072,21.80K,0.00%
04/18/2004,0.073,0.072,0.073,0.072,436.02K,1.39%
04/20/2004,0.076,0.073,0.076,0.073,697.63K,4.11%
04/21/2004,0.076,0.076,0.077,0.076,195.53K,0.00%
04/25/2004,0.082,0.077,0.083,0.077,429.48K,7.89%
04/26/2004,0.08,0.082,0.082,0.08,47.96K,-2.44%
04/27/2004,0.078,0.079,0.079,0.078,17.44K,-2.50%
04/28/2004,0.078,0.076,0.078,0.076,226.73K,0.00%
04/29/2004,0.076,0.078,0.078,0.076,32.70K,-2.56%
05/02/2004,0.074,0.076,0.076,0.073,143.89K,-2.63%
05/04/2004,0.071,0.073,0.073,0.071,32.70K,-4.05%
05/06/2004,0.071,0.071,0.071,0.071,21.80K,0.00%
05/11/2004,0.072,0.072,0.072,0.072,76.30K,1.41%
05/12/2004,0.072,0.072,0.072,0.072,109.01K,0.00%
05/23/2004,0.074,0.073,0.074,0.073,13.08K,2.78%
05/25/2004,0.073,0.073,0.073,0.073,390.24K,-1.35%
06/02/2004,0.074,0.074,0.074,0.074,65.40K,1.37%
06/10/2004,0.073,0.073,0.073,0.073,65.40K,-1.35%
06/17/2004,0.08,0.078,0.08,0.078,821.89K,9.59%
06/20/2004,0.08,0.079,0.08,0.079,19.62K,0.00%
06/21/2004,0.083,0.08,0.083,0.08,124.27K,3.75%
06/22/2004,0.086,0.085,0.086,0.085,270.33K,3.61%
06/27/2004,0.083,0.083,0.083,0.083,159.15K,-3.49%
06/30/2004,0.085,0.085,0.085,0.085,10.90K,2.41%
07/05/2004,0.085,0.085,0.085,0.085,21.80K,0.00%
07/08/2004,0.082,0.082,0.082,0.082,10.90K,-3.53%
07/14/2004,0.082,0.082,0.082,0.082,65.40K,0.00%
07/18/2004,0.083,0.082,0.083,0.082,43.60K,1.22%
07/20/2004,0.082,0.082,0.082,0.082,10.90K,-1.20%
08/02/2004,0.078,0.078,0.078,0.078,4.36K,-4.88%
08/08/2004,0.077,0.077,0.077,0.077,4.36K,-1.28%
08/10/2004,0.08,0.08,0.08,0.08,21.80K,3.90%
08/11/2004,0.083,0.083,0.083,0.083,65.40K,3.75%
08/15/2004,0.078,0.078,0.078,0.078,21.80K,-6.02%
08/22/2004,0.078,0.078,0.078,0.078,8.72K,0.00%
08/23/2004,0.08,0.079,0.08,0.079,497.06K,2.56%
08/29/2004,0.08,0.08,0.08,0.08,32.70K,0.00%
08/31/2004,0.08,0.08,0.08,0.08,2.18K,0.00%
09/01/2004,0.083,0.083,0.083,0.083,10.90K,3.75%
09/02/2004,0.083,0.083,0.083,0.083,21.80K,0.00%
09/05/2004,0.083,0.083,0.083,0.083,13.08K,0.00%
09/14/2004,0.083,0.083,0.083,0.083,13.08K,0.00%
09/22/2004,0.08,0.08,0.08,0.08,21.80K,-3.61%
10/06/2004,0.073,0.073,0.073,0.073,10.90K,-8.75%
10/14/2004,0.071,0.071,0.071,0.071,16.57K,-2.74%
12/02/2004,0.071,0.071,0.071,0.071,10.90K,0.00%
12/05/2004,0.071,0.071,0.071,0.071,54.50K,0.00%
12/06/2004,0.071,0.071,0.071,0.071,109.01K,0.00%
12/08/2004,0.071,0.071,0.071,0.071,479.62K,0.00%
12/09/2004,0.067,0.067,0.067,0.067,10.90K,-5.63%
01/13/2005,0.078,0.078,0.078,0.078,38.37K,16.42%
01/16/2005,0.08,0.08,0.08,0.08,671.03K,2.56%
01/19/2005,0.08,0.08,0.08,0.08,43.60K,0.00%
02/01/2005,0.08,0.08,0.08,0.08,219.75K,0.00%
03/09/2005,0.078,0.078,0.078,0.078,21.80K,-2.50%
03/10/2005,0.078,0.078,0.078,0.078,17.44K,0.00%
03/14/2005,0.078,0.078,0.078,0.078,51.25K,0.00%
03/21/2005,0.078,0.078,0.078,0.078,436.02K,0.00%
03/23/2005,0.078,0.078,0.078,0.078,74.12K,0.00%
03/24/2005,0.078,0.078,0.078,0.078,501.42K,0.00%
04/06/2005,0.08,0.08,0.08,0.08,65.40K,2.56%
05/04/2005,0.08,0.08,0.08,0.08,0.46K,0.00%
08/08/2005,0.075,0.075,0.075,0.075,109.01K,-6.25%
08/09/2005,0.073,0.073,0.073,0.073,25.75K,-2.67%
09/15/2005,0.073,0.073,0.073,0.073,29.69K,0.00%
11/08/2005,0.081,0.081,0.081,0.081,10.90K,10.96%
11/09/2005,0.081,0.081,0.081,0.081,225.90K,0.00%
11/10/2005,0.083,0.083,0.083,0.083,130.81K,2.47%
11/29/2005,0.083,0.083,0.083,0.083,0.44K,0.00%
01/03/2006,0.082,0.082,0.082,0.082,331.66K,-1.20%
01/05/2006,0.083,0.078,0.083,0.078,43.78K,1.22%
10/19/2006,0.087,0.087,0.087,0.087,13.10K,4.82%
02/15/2007,0.083,0.087,0.087,0.083,4.36K,-4.60%
05/30/2007,0.086,0.086,0.086,0.086,65.40K,3.61%
07/11/2007,0.086,0.086,0.086,0.086,10.90K,0.00%
07/30/2007,0.086,0.086,0.086,0.086,4.36K,0.00%
08/06/2007,0.086,0.086,0.086,0.086,0.91K,0.00%
08/15/2007,0.08,0.08,0.08,0.08,0.87K,-6.98%
08/19/2007,0.095,0.086,0.095,0.086,17.41K,18.75%
08/26/2007,0.095,0.095,0.095,0.095,41.60K,0.00%
08/27/2007,0.095,0.095,0.095,0.095,30.52K,0.00%
12/06/2007,0.095,0.095,0.095,0.095,61.04K,0.00%
01/01/2008,0.103,0.103,0.103,0.103,17.44K,8.42%
01/07/2008,0.103,0.103,0.103,0.103,26.16K,0.00%
01/17/2008,0.103,0.106,0.106,0.103,17.44K,0.00%
01/23/2008,0.106,0.106,0.106,0.106,17.44K,2.91%
02/13/2008,0.112,0.106,0.112,0.106,21.80K,5.66%
02/17/2008,0.112,0.112,0.112,0.112,19.27K,0.00%
03/02/2008,0.115,0.112,0.115,0.112,604.71K,2.68%
03/16/2008,0.112,0.112,0.112,0.112,1.34M,-2.61%
03/17/2008,0.114,0.114,0.114,0.114,726.41K,1.79%
03/19/2008,0.115,0.115,0.123,0.115,169.18K,0.88%
07/16/2008,0.116,0.116,0.116,0.116,17.44K,0.87%
10/06/2008,0.104,0.104,0.104,0.104,34.88K,-10.34%
10/08/2008,0.094,0.094,0.094,0.094,12.38K,-9.62%
02/04/2009,0.092,0.092,0.092,0.092,47.96K,-2.13%
02/05/2009,0.091,0.091,0.091,0.091,47.96K,-1.09%
02/22/2009,0.092,0.092,0.092,0.092,80.23K,1.10%
02/26/2009,0.092,0.092,0.092,0.092,10.64K,0.00%
03/11/2009,0.092,0.092,0.092,0.092,5.23K,0.00%
03/22/2009,0.099,0.099,0.099,0.099,4.76K,7.61%
08/09/2009,0.088,0.091,0.091,0.088,22.93K,-11.11%
08/27/2009,0.091,0.091,0.091,0.091,80.07K,3.41%
08/30/2009,0.095,0.1,0.1,0.095,24.73K,4.40%
08/31/2009,0.095,0.095,0.095,0.095,1.59K,0.00%
09/01/2009,0.095,0.095,0.095,0.095,7.93K,0.00%
09/02/2009,0.096,0.098,0.098,0.096,0.63K,1.05%
09/03/2009,0.095,0.096,0.096,0.095,90.53K,-1.04%
09/07/2009,0.096,0.096,0.096,0.096,4.44K,1.05%
09/10/2009,0.096,0.095,0.096,0.095,69.78K,0.00%
09/29/2009,0.096,0.096,0.096,0.096,15.86K,0.00%
10/26/2009,0.101,0.101,0.101,0.101,79.28K,5.21%
10/28/2009,0.101,0.101,0.101,0.101,0.32K,0.00%
10/29/2009,0.101,0.101,0.101,0.101,15.86K,0.00%
11/01/2009,0.101,0.101,0.101,0.101,15.86K,0.00%
11/02/2009,0.101,0.101,0.101,0.101,792.76K,0.00%
11/04/2009,0.1,0.1,0.1,0.1,15.86K,-0.99%
11/08/2009,0.093,0.095,0.095,0.093,45.98K,-7.00%
11/16/2009,0.092,0.092,0.092,0.092,1.59K,-1.08%
11/24/2009,0.095,0.095,0.095,0.095,47.57K,3.26%
11/26/2009,0.095,0.095,0.095,0.095,15.86K,0.00%
12/16/2009,0.088,0.088,0.088,0.088,17.44K,-7.37%
12/29/2009,0.095,0.095,0.095,0.095,15.86K,7.95%
12/30/2009,0.098,0.098,0.098,0.098,475.66K,3.16%
12/31/2009,0.101,0.101,0.101,0.101,3.17K,3.06%
01/07/2010,0.098,0.098,0.098,0.098,39.64K,-2.97%
01/27/2010,0.107,0.107,0.107,0.107,2.38K,9.18%
02/18/2010,0.101,0.101,0.101,0.101,2.38K,-5.61%
03/01/2010,0.099,0.098,0.099,0.098,58.90K,-1.98%
03/02/2010,0.099,0.101,0.101,0.099,37.26K,0.00%
03/16/2010,0.1,0.1,0.1,0.1,0.66K,1.01%
03/29/2010,0.11,0.11,0.11,0.11,19.56K,10.00%
04/29/2010,0.115,0.115,0.115,0.115,0.13K,4.55%
05/02/2010,0.121,0.115,0.122,0.115,811.28K,5.22%
05/03/2010,0.118,0.122,0.122,0.118,1.07M,-2.48%
05/04/2010,0.116,0.118,0.119,0.116,84.89K,-1.69%
05/05/2010,0.113,0.118,0.118,0.113,194.93K,-2.59%
05/06/2010,0.113,0.116,0.116,0.113,189.14K,0.00%
05/09/2010,0.11,0.103,0.111,0.103,192.42K,-2.65%
05/10/2010,0.115,0.115,0.115,0.111,116.33K,4.55%
05/11/2010,0.115,0.117,0.117,0.113,235.93K,0.00%
05/12/2010,0.115,0.116,0.116,0.115,66.34K,0.00%
05/13/2010,0.115,0.116,0.116,0.115,128.90K,0.00%
05/18/2010,0.115,0.115,0.115,0.115,0.63K,0.00%
05/19/2010,0.107,0.107,0.107,0.107,80.49K,-6.96%
05/20/2010,0.111,0.108,0.111,0.108,54.08K,3.74%
05/23/2010,0.103,0.111,0.113,0.103,401.18K,-7.21%
05/24/2010,0.107,0.107,0.107,0.107,12.58K,3.88%
05/25/2010,0.099,0.103,0.105,0.099,108.03K,-7.48%
05/27/2010,0.107,0.107,0.107,0.107,50.30K,8.08%
05/30/2010,0.112,0.112,0.112,0.112,138.34K,4.67%
05/31/2010,0.111,0.111,0.111,0.111,81.74K,-0.89%
06/03/2010,0.11,0.118,0.118,0.11,55.33K,-0.90%
06/06/2010,0.115,0.111,0.118,0.11,64.14K,4.55%
06/08/2010,0.115,0.115,0.115,0.115,0.13K,0.00%
06/10/2010,0.111,0.115,0.115,0.111,64.14K,-3.48%
06/14/2010,0.107,0.111,0.111,0.107,12.58K,-3.60%
06/15/2010,0.103,0.115,0.115,0.103,232.66K,-3.74%
06/20/2010,0.107,0.107,0.108,0.107,155.50K,3.88%
06/21/2010,0.107,0.107,0.107,0.107,65.40K,0.00%
06/28/2010,0.107,0.107,0.107,0.107,0.13K,0.00%
07/12/2010,0.103,0.099,0.103,0.099,9.57K,-3.74%
07/15/2010,0.107,0.099,0.107,0.099,10.69K,3.88%
07/19/2010,0.103,0.103,0.103,0.103,7.55K,-3.74%
07/21/2010,0.103,0.103,0.103,0.103,0.15K,0.00%
07/25/2010,0.108,0.103,0.108,0.103,43.87K,4.85%
07/26/2010,0.107,0.107,0.107,0.103,42.76K,-0.93%
07/29/2010,0.107,0.107,0.107,0.107,5.03K,0.00%
08/09/2010,0.107,0.107,0.107,0.107,35.46K,0.00%
08/10/2010,0.108,0.108,0.108,0.108,16.99K,0.93%
08/15/2010,0.11,0.11,0.11,0.11,12.58K,1.85%
08/16/2010,0.109,0.11,0.11,0.109,18.86K,-0.91%
08/18/2010,0.111,0.111,0.111,0.111,12.58K,1.83%
08/24/2010,0.113,0.113,0.113,0.113,62.88K,1.80%
08/31/2010,0.113,0.113,0.113,0.113,62.88K,0.00%
09/15/2010,0.114,0.114,0.114,0.114,25.15K,0.88%
09/19/2010,0.117,0.117,0.117,0.117,25.15K,2.63%
09/20/2010,0.111,0.115,0.115,0.111,6.41K,-5.13%
09/22/2010,0.11,0.111,0.111,0.11,83.00K,-0.90%
09/26/2010,0.112,0.112,0.112,0.112,37.73K,1.82%
10/21/2010,0.114,0.114,0.114,0.114,37.73K,1.79%
11/09/2010,0.114,0.114,0.114,0.114,6.29K,0.00%
11/11/2010,0.103,0.103,0.103,0.103,2.52K,-9.65%
11/21/2010,0.103,0.113,0.113,0.103,50.30K,0.00%
11/24/2010,0.111,0.111,0.111,0.111,12.58K,7.77%
12/12/2010,0.101,0.1,0.101,0.1,35.21K,-9.01%
12/13/2010,0.107,0.107,0.107,0.107,14.34K,5.94%
12/15/2010,0.11,0.11,0.11,0.11,6.92K,2.80%
12/29/2010,0.112,0.112,0.112,0.112,7.55K,1.82%
01/13/2011,0.111,0.111,0.111,0.111,25.78K,-0.89%
01/20/2011,0.111,0.111,0.111,0.111,18.86K,0.00%
01/27/2011,0.11,0.111,0.111,0.11,21.79K,-0.90%
01/30/2011,0.108,0.108,0.108,0.108,6.29K,-1.82%
01/31/2011,0.107,0.109,0.109,0.107,25.53K,-0.93%
02/03/2011,0.107,0.107,0.107,0.107,16.35K,0.00%
02/06/2011,0.108,0.108,0.108,0.108,6.29K,0.93%
02/07/2011,0.111,0.111,0.111,0.111,8.80K,2.78%
02/08/2011,0.107,0.111,0.111,0.107,21.00K,-3.60%
02/13/2011,0.108,0.108,0.108,0.108,13.83K,0.93%
02/14/2011,0.111,0.111,0.111,0.111,1.26K,2.78%
02/15/2011,0.104,0.107,0.107,0.104,14.04K,-6.31%
02/16/2011,0.111,0.111,0.111,0.111,1.06K,6.73%
03/28/2011,0.111,0.107,0.111,0.107,64.75K,0.00%
03/29/2011,0.118,0.108,0.118,0.107,130.10K,6.31%
03/30/2011,0.109,0.109,0.109,0.109,0.74K,-7.63%
04/04/2011,0.102,0.102,0.102,0.102,1.12K,-6.42%
04/10/2011,0.111,0.111,0.111,0.111,10.84K,8.82%
04/11/2011,0.111,0.111,0.111,0.106,62.88K,0.00%
04/14/2011,0.106,0.102,0.106,0.102,2.17K,-4.50%
04/20/2011,0.112,0.111,0.115,0.111,59.63K,5.66%
04/24/2011,0.114,0.114,0.114,0.114,16.26K,1.79%
04/26/2011,0.114,0.114,0.114,0.114,20.60K,0.00%
05/01/2011,0.103,0.103,0.103,0.103,0.11K,-9.65%
05/02/2011,0.106,0.106,0.106,0.106,0.98K,2.91%
05/12/2011,0.103,0.103,0.103,0.103,0.98K,-2.83%
05/16/2011,0.111,0.111,0.111,0.111,20.60K,7.77%
05/17/2011,0.11,0.11,0.11,0.11,5.42K,-0.90%
05/23/2011,0.107,0.107,0.113,0.107,14.42K,-2.73%
05/30/2011,0.107,0.107,0.107,0.107,2.79K,0.00%
06/02/2011,0.102,0.102,0.102,0.102,0.03K,-4.67%
06/21/2011,0.105,0.105,0.105,0.105,0.11K,2.94%
06/29/2011,0.111,0.106,0.111,0.106,3.21K,5.71%
07/06/2011,0.106,0.106,0.106,0.106,4.80K,-4.50%
07/07/2011,0.106,0.106,0.106,0.106,1.49K,0.00%
07/19/2011,0.102,0.102,0.102,0.102,0.52K,-3.77%
07/20/2011,0.11,0.11,0.11,0.11,5.42K,7.84%
07/27/2011,0.116,0.111,0.121,0.111,61.96K,5.45%
08/25/2011,0.114,0.114,0.114,0.114,6.51K,-1.72%
09/07/2011,0.111,0.111,0.111,0.111,2.17K,-2.63%
09/08/2011,0.109,0.109,0.109,0.109,4.12K,-1.80%
10/30/2011,0.114,0.114,0.114,0.114,10.84K,4.59%
10/31/2011,0.114,0.114,0.114,0.114,16.26K,0.00%
11/22/2011,0.109,0.111,0.111,0.109,27.10K,-4.39%
11/24/2011,0.109,0.109,0.109,0.109,16.26K,0.00%
12/05/2011,0.111,0.111,0.111,0.111,5.96K,1.83%
12/06/2011,0.114,0.114,0.114,0.114,31.44K,2.70%
12/13/2011,0.114,0.114,0.114,0.114,10.84K,0.00%
12/15/2011,0.116,0.116,0.116,0.116,5.96K,1.75%
12/19/2011,0.118,0.116,0.118,0.116,22.44K,1.72%
12/20/2011,0.118,0.118,0.118,0.118,8.95K,0.00%
12/21/2011,0.124,0.124,0.124,0.124,2.17K,5.08%
12/22/2011,0.119,0.119,0.121,0.119,73.85K,-4.03%
12/25/2011,0.12,0.12,0.12,0.12,16.26K,0.84%
12/26/2011,0.12,0.121,0.121,0.12,6.51K,0.00%
12/28/2011,0.12,0.121,0.121,0.12,16.48K,0.00%
12/29/2011,0.118,0.121,0.121,0.118,24.39K,-1.67%
01/03/2012,0.129,0.12,0.129,0.12,309.25K,9.32%
01/04/2012,0.137,0.133,0.137,0.133,47.05K,6.20%
01/05/2012,0.139,0.138,0.139,0.138,5.64K,1.46%
01/17/2012,0.13,0.13,0.13,0.13,8.40K,-6.47%
01/22/2012,0.13,0.13,0.13,0.13,5.00K,0.00%
02/01/2012,0.13,0.13,0.13,0.13,6.60K,0.00%
02/22/2012,0.13,0.13,0.13,0.13,20.00K,0.00%
02/23/2012,0.122,0.122,0.122,0.122,5.37K,-6.15%
02/27/2012,0.126,0.126,0.126,0.126,10.00K,3.28%
03/01/2012,0.125,0.126,0.126,0.125,40.00K,-0.79%
03/04/2012,0.126,0.126,0.126,0.126,10.00K,0.80%
03/05/2012,0.126,0.126,0.126,0.126,50.00K,0.00%
03/06/2012,0.123,0.123,0.123,0.123,4.64K,-2.38%
03/07/2012,0.123,0.123,0.123,0.123,40.00K,0.00%
03/08/2012,0.123,0.123,0.123,0.123,10.00K,0.00%
03/12/2012,0.129,0.124,0.129,0.124,60.00K,4.88%
03/19/2012,0.125,0.125,0.125,0.125,15.81K,-3.10%
03/25/2012,0.118,0.118,0.118,0.118,5.00K,-5.60%
04/03/2012,0.123,0.123,0.123,0.123,10.00K,4.24%
04/19/2012,0.123,0.123,0.123,0.123,5.00K,0.00%
04/30/2012,0.118,0.118,0.118,0.118,5.00K,-4.07%
05/07/2012,0.112,0.116,0.116,0.112,35.00K,-5.08%
05/08/2012,0.115,0.115,0.115,0.115,5.00K,2.68%
05/27/2012,0.113,0.113,0.113,0.113,30.00K,-1.74%
05/28/2012,0.113,0.113,0.113,0.113,3.00K,0.00%
05/30/2012,0.114,0.113,0.114,0.113,519.78K,0.88%
06/04/2012,0.113,0.113,0.113,0.113,41.70K,-0.88%
06/05/2012,0.116,0.113,0.116,0.113,476.89K,2.65%
06/07/2012,0.114,0.114,0.114,0.114,382.80K,-1.72%
06/14/2012,0.114,0.114,0.114,0.114,24.00K,0.00%
06/18/2012,0.115,0.115,0.115,0.115,102.94K,0.88%
06/21/2012,0.114,0.114,0.114,0.114,5.53K,-0.87%
07/26/2012,0.114,0.11,0.114,0.11,10.00K,0.00%
08/07/2012,0.112,0.112,0.112,0.112,,-1.75%
08/30/2012,0.108,0.108,0.108,0.108,4.73K,-3.57%
09/05/2012,0.111,0.109,0.111,0.109,35.72K,2.78%
09/19/2012,0.109,0.109,0.109,0.109,157.59K,-1.80%
09/25/2012,0.109,0.109,0.109,0.109,13.43K,0.00%
09/26/2012,0.11,0.109,0.11,0.109,180.47K,0.92%
10/01/2012,0.11,0.11,0.11,0.11,10.51K,0.00%
10/03/2012,0.114,0.114,0.117,0.114,67.86K,3.64%
10/04/2012,0.117,0.116,0.117,0.115,345.17K,2.63%
10/09/2012,0.117,0.117,0.117,0.117,43.69K,0.00%
10/15/2012,0.114,0.114,0.114,0.114,2.10K,-2.56%
10/22/2012,0.116,0.116,0.116,0.116,202.93K,1.75%
10/25/2012,0.117,0.117,0.117,0.117,49.38K,0.86%
12/04/2012,0.133,0.133,0.133,0.133,6.00K,13.68%
12/18/2012,0.127,0.127,0.127,0.127,0.80K,-4.51%
12/19/2012,0.134,0.133,0.135,0.133,106.67K,5.51%
12/23/2012,0.135,0.135,0.135,0.135,2.33K,0.75%
12/24/2012,0.13,0.134,0.134,0.13,55.68K,-3.70%
12/26/2012,0.13,0.13,0.13,0.13,15.68K,0.00%
12/30/2012,0.133,0.135,0.135,0.133,15.00K,2.31%
01/03/2013,0.134,0.134,0.134,0.134,77.95K,0.75%
01/06/2013,0.133,0.134,0.134,0.133,205.80K,-0.75%
01/08/2013,0.134,0.134,0.134,0.134,317.73K,0.75%
01/09/2013,0.135,0.135,0.135,0.135,29.57K,0.75%
01/14/2013,0.13,0.13,0.13,0.13,1.20K,-3.70%
01/17/2013,0.132,0.132,0.132,0.132,3.46K,1.54%
01/31/2013,0.13,0.13,0.13,0.13,53.45K,-1.52%
02/12/2013,0.133,0.133,0.133,0.133,30.75K,2.31%
02/14/2013,0.141,0.135,0.141,0.135,230.83K,6.02%
02/17/2013,0.137,0.137,0.137,0.137,44.08K,-2.84%
02/18/2013,0.141,0.141,0.141,0.141,37.40K,2.92%
02/20/2013,0.146,0.141,0.146,0.141,149.65K,3.55%
02/21/2013,0.147,0.146,0.147,0.146,41.92K,0.68%
02/28/2013,0.146,0.146,0.146,0.146,5.13K,-0.68%
03/06/2013,0.151,0.151,0.151,0.151,0.65K,3.42%
03/11/2013,0.146,0.146,0.146,0.146,5.13K,-3.31%
03/13/2013,0.146,0.146,0.146,0.146,15.38K,0.00%
03/26/2013,0.149,0.149,0.149,0.149,4.42K,2.05%
03/27/2013,0.149,0.149,0.149,0.149,35.88K,0.00%
04/15/2013,0.146,0.146,0.146,0.146,9.16K,-2.01%
04/17/2013,0.146,0.146,0.146,0.146,8.11K,0.00%
04/29/2013,0.146,0.146,0.146,0.146,10.25K,0.00%
05/07/2013,0.146,0.146,0.146,0.146,148.63K,0.00%
05/09/2013,0.146,0.146,0.146,0.146,281.61K,0.00%
05/13/2013,0.141,0.143,0.143,0.141,22.29K,-3.42%
05/20/2013,0.142,0.144,0.144,0.142,473.11K,0.71%
05/22/2013,0.146,0.149,0.149,0.146,5.25K,2.82%
05/23/2013,0.149,0.149,0.149,0.149,22.04K,2.05%
05/26/2013,0.149,0.149,0.149,0.149,1.94K,0.00%
05/28/2013,0.149,0.149,0.149,0.149,20.51K,0.00%
05/29/2013,0.151,0.15,0.151,0.15,59.84K,1.34%
05/30/2013,0.153,0.153,0.153,0.153,5.23K,1.32%
06/02/2013,0.157,0.153,0.157,0.153,16.02K,2.61%
06/03/2013,0.161,0.154,0.161,0.154,15.38K,2.55%
06/04/2013,0.166,0.171,0.171,0.163,195.19K,3.11%
08/04/2013,0.156,0.156,0.156,0.156,128.86K,-6.02%
08/05/2013,0.161,0.156,0.161,0.156,27.01K,3.21%
08/20/2013,0.157,0.157,0.157,0.157,10.25K,-2.48%
08/21/2013,0.156,0.156,0.156,0.156,11.85K,-0.64%
08/22/2013,0.158,0.155,0.158,0.155,29.53K,1.28%
08/25/2013,0.154,0.154,0.154,0.154,51.25K,-2.53%
08/29/2013,0.157,0.157,0.157,0.157,17.75K,1.95%
09/02/2013,0.157,0.157,0.157,0.157,15.38K,0.00%
09/03/2013,0.157,0.157,0.157,0.157,56.54K,0.00%
09/15/2013,0.157,0.157,0.157,0.157,33.65K,0.00%
09/16/2013,0.159,0.159,0.159,0.159,10.25K,1.27%
09/19/2013,0.154,0.154,0.154,0.154,7.85K,-3.14%
09/23/2013,0.154,0.154,0.154,0.154,11.20K,0.00%
09/24/2013,0.154,0.154,0.154,0.154,15.38K,0.00%
10/29/2013,0.159,0.159,0.159,0.159,28.03K,3.25%
10/30/2013,0.159,0.159,0.159,0.159,7.46K,0.00%
11/07/2013,0.159,0.159,0.159,0.159,70.47K,0.00%
12/04/2013,0.154,0.154,0.157,0.152,115.57K,-3.14%
12/05/2013,0.155,0.155,0.155,0.155,10.51K,0.65%
12/08/2013,0.155,0.155,0.155,0.155,121.24K,0.00%
12/12/2013,0.155,0.155,0.155,0.155,84.05K,0.00%
12/17/2013,0.155,0.155,0.155,0.155,52.73K,0.00%
12/18/2013,0.155,0.155,0.155,0.155,160.58K,0.00%
12/23/2013,0.15,0.152,0.152,0.15,184.60K,-3.23%
12/24/2013,0.152,0.152,0.152,0.152,163.74K,1.33%
12/25/2013,0.152,0.152,0.152,0.152,163.59K,0.00%
12/26/2013,0.148,0.148,0.148,0.148,167.78K,-2.63%
01/09/2014,0.15,0.15,0.15,0.15,16.77K,1.35%
01/16/2014,0.15,0.151,0.151,0.15,151.33K,0.00%
01/21/2014,0.15,0.151,0.151,0.15,296.91K,0.00%
01/23/2014,0.148,0.152,0.152,0.148,282.91K,-1.33%
01/27/2014,0.154,0.154,0.154,0.154,5.25K,4.05%
02/02/2014,0.15,0.154,0.157,0.15,162.53K,-2.60%
02/03/2014,0.152,0.152,0.152,0.152,5.15K,1.33%
02/04/2014,0.152,0.152,0.152,0.152,5.15K,0.00%
02/05/2014,0.15,0.15,0.15,0.15,5.25K,-1.32%
02/10/2014,0.152,0.15,0.153,0.15,115.57K,1.33%
02/11/2014,0.152,0.152,0.152,0.152,5.36K,0.00%
02/12/2014,0.152,0.152,0.152,0.152,31.52K,0.00%
02/13/2014,0.152,0.154,0.154,0.152,63.04K,0.00%
02/16/2014,0.155,0.155,0.155,0.155,42.03K,1.97%
02/17/2014,0.152,0.156,0.156,0.152,128.64K,-1.94%
02/18/2014,0.157,0.157,0.157,0.157,10.51K,3.29%
02/20/2014,0.157,0.158,0.158,0.157,21.01K,0.00%
02/27/2014,0.158,0.158,0.158,0.158,65.34K,0.64%
03/02/2014,0.161,0.158,0.161,0.158,12.75K,1.90%
03/03/2014,0.159,0.159,0.159,0.159,62.51K,-1.24%
03/05/2014,0.162,0.16,0.162,0.16,36.88K,1.89%
03/06/2014,0.162,0.162,0.162,0.162,10.51K,0.00%
03/09/2014,0.161,0.161,0.161,0.161,61.46K,-0.62%
03/10/2014,0.161,0.161,0.161,0.161,61.46K,0.00%
03/16/2014,0.157,0.157,0.157,0.157,63.45K,-2.48%
03/30/2014,0.15,0.15,0.15,0.15,5.13K,-4.46%
03/31/2014,0.15,0.15,0.15,0.15,20.50K,0.00%
04/09/2014,0.15,0.15,0.15,0.15,25.63K,0.00%
04/21/2014,0.146,0.146,0.146,0.146,5.13K,-2.67%
04/24/2014,0.146,0.146,0.146,0.146,10.25K,0.00%
04/28/2014,0.146,0.146,0.146,0.146,51.36K,0.00%
04/29/2014,0.145,0.146,0.146,0.145,143.24K,-0.68%
04/30/2014,0.144,0.144,0.144,0.144,70.52K,-0.69%
05/06/2014,0.144,0.144,0.144,0.144,1.54K,0.00%
05/15/2014,0.144,0.144,0.144,0.144,69.01K,0.00%
05/18/2014,0.144,0.144,0.144,0.144,34.51K,0.00%
05/19/2014,0.144,0.144,0.144,0.144,112.75K,0.00%
05/20/2014,0.144,0.144,0.144,0.144,34.51K,0.00%
05/21/2014,0.144,0.144,0.144,0.144,55.01K,0.00%
05/22/2014,0.142,0.144,0.144,0.142,55.48K,-1.39%
05/25/2014,0.142,0.142,0.142,0.142,1.53K,0.00%
06/02/2014,0.146,0.146,0.146,0.146,20.50K,2.82%
06/12/2014,0.15,0.151,0.151,0.15,60.48K,2.74%
06/26/2014,0.151,0.151,0.151,0.151,15.38K,0.67%
06/29/2014,0.151,0.151,0.151,0.151,61.50K,0.00%
06/30/2014,0.151,0.151,0.151,0.151,10.25K,0.00%
07/02/2014,0.151,0.151,0.151,0.151,25.63K,0.00%
07/09/2014,0.151,0.151,0.151,0.151,4.12M,0.00%
07/15/2014,0.151,0.151,0.151,0.151,56.38K,0.00%
07/21/2014,0.151,0.151,0.151,0.15,167.78K,0.00%
07/23/2014,0.151,0.151,0.151,0.151,399.75K,0.00%
08/07/2014,0.151,0.149,0.151,0.149,78.89K,0.00%
08/13/2014,0.151,0.151,0.151,0.151,1.06M,0.00%
08/14/2014,0.151,0.151,0.151,0.151,3.08K,0.00%
08/18/2014,0.148,0.148,0.148,0.148,3.08K,-1.99%
08/19/2014,0.15,0.15,0.15,0.15,483.80K,1.35%
08/21/2014,0.15,0.15,0.15,0.15,33.16K,0.00%
08/24/2014,0.15,0.15,0.15,0.15,33.16K,0.00%
08/25/2014,0.149,0.149,0.149,0.149,33.38K,-0.67%
08/26/2014,0.149,0.149,0.149,0.149,33.16K,0.00%
08/27/2014,0.15,0.149,0.15,0.149,240.91K,0.67%
08/28/2014,0.15,0.15,0.15,0.15,33.16K,0.00%
08/31/2014,0.146,0.15,0.15,0.146,33.21K,-2.67%
09/01/2014,0.151,0.15,0.151,0.15,371.43K,3.42%
09/04/2014,0.15,0.15,0.15,0.15,469.08K,-0.66%
09/10/2014,0.15,0.15,0.15,0.15,418.25K,0.00%
09/16/2014,0.15,0.15,0.15,0.15,43.96K,0.00%
09/21/2014,0.15,0.15,0.15,0.15,0.45K,0.00%
10/16/2014,0.141,0.141,0.141,0.141,35.22K,-6.00%
10/20/2014,0.141,0.141,0.141,0.141,30.45K,0.00%
11/30/2014,0.137,0.137,0.137,0.137,182.35K,-2.84%
12/31/2014,0.146,0.146,0.146,0.146,7.69K,6.57%
01/22/2015,0.149,0.149,0.149,0.149,7.69K,2.05%
04/01/2015,0.14,0.14,0.14,0.14,31.83K,-6.04%
04/02/2015,0.141,0.14,0.141,0.14,48.27K,0.71%
04/15/2015,0.14,0.14,0.141,0.14,136.97K,-0.71%
07/09/2015,0.14,0.14,0.14,0.14,22.12K,0.00%
07/22/2015,0.143,0.143,0.143,0.143,106.84K,2.14%
10/22/2015,0.143,0.143,0.143,0.143,3.65K,0.00%
12/07/2015,0.122,0.122,0.125,0.122,157.76K,-14.69%
12/21/2015,0.121,0.121,0.121,0.121,22.38K,-0.82%
12/28/2015,0.119,0.121,0.121,0.119,69.20K,-1.65%
03/23/2016,0.128,0.128,0.128,0.128,65.76K,7.56%
04/05/2016,0.131,0.131,0.131,0.131,21.28K,2.34%
04/07/2016,0.131,0.131,0.131,0.131,48.95K,0.00%
04/10/2016,0.131,0.131,0.131,0.131,34.69K,0.00%
04/11/2016,0.131,0.131,0.131,0.131,43.93K,0.00%
04/20/2016,0.131,0.131,0.131,0.131,28.88K,0.00%
04/25/2016,0.131,0.131,0.131,0.131,46.93K,0.00%
04/26/2016,0.127,0.131,0.131,0.127,43.81K,-3.05%
05/09/2016,0.13,0.13,0.13,0.13,116.47K,2.36%
05/12/2016,0.126,0.126,0.126,0.126,0.46K,-3.08%
05/30/2016,0.125,0.125,0.125,0.125,4.26K,-0.79%
06/07/2016,0.125,0.125,0.125,0.125,4.79K,0.00%
06/08/2016,0.122,0.125,0.125,0.122,1.06K,-2.40%
06/09/2016,0.122,0.122,0.122,0.122,0.53K,0.00%
07/27/2016,0.13,0.13,0.13,0.13,10.64K,6.56%
09/01/2016,0.13,0.13,0.13,0.13,,0.00%
09/20/2016,0.123,0.125,0.125,0.123,165.50K,-5.38%
09/21/2016,0.123,0.123,0.123,0.123,10.64K,0.00%
10/04/2016,0.12,0.12,0.12,0.12,0.11K,-2.44%
10/30/2016,0.123,0.123,0.123,0.123,2.95M,2.50%
01/15/2017,0.132,0.123,0.132,0.123,53.21K,7.32%
01/24/2017,0.134,0.132,0.134,0.132,38.18K,1.52%
01/26/2017,0.147,0.145,0.147,0.145,84.30K,9.70%
01/30/2017,0.146,0.146,0.146,0.146,47.99K,-0.68%
02/15/2017,0.147,0.147,0.147,0.147,230.28K,0.68%
02/16/2017,0.147,0.147,0.147,0.147,212.80K,0.00%
02/21/2017,0.147,0.147,0.147,0.147,63.84K,0.00%
02/22/2017,0.147,0.147,0.147,0.147,212.80K,0.00%
02/26/2017,0.147,0.147,0.147,0.147,532.01K,0.00%
02/28/2017,0.147,0.147,0.147,0.147,532.01K,0.00%
03/08/2017,0.147,0.147,0.147,0.147,107.24K,0.00%
03/22/2017,0.137,0.137,0.137,0.137,298.24K,-6.80%
05/01/2017,0.129,0.129,0.129,0.129,6.45K,-5.84%
05/02/2017,0.129,0.129,0.129,0.129,12.36K,0.00%
05/15/2017,0.122,0.122,0.122,0.122,0.56K,-5.43%
05/28/2017,0.131,0.131,0.131,0.131,142.84K,7.38%
06/12/2017,0.131,0.131,0.131,0.131,12.08K,0.00%
06/14/2017,0.128,0.128,0.128,0.128,55.47K,-2.29%
07/05/2017,0.131,0.131,0.131,0.131,1.17M,2.34%
07/12/2017,0.131,0.131,0.131,0.131,949.99K,0.00%
07/19/2017,0.12,0.12,0.12,0.12,0.47K,-8.40%
08/22/2017,0.13,0.13,0.13,0.13,110.94K,8.33%
11/28/2017,0.126,0.126,0.126,0.126,1.04K,-3.08%
01/25/2018,0.13,0.13,0.13,0.13,0.33K,3.17%
04/08/2018,0.128,0.128,0.128,0.128,25.77K,-1.54%
04/12/2018,0.116,0.125,0.125,0.116,407.83K,-9.38%
04/19/2018,0.125,0.121,0.125,0.121,116.17K,7.76%
05/01/2018,0.124,0.124,0.124,0.124,0.11K,-0.80%
05/07/2018,0.124,0.124,0.124,0.124,11.06K,0.00%
05/13/2018,0.124,0.124,0.124,0.124,0.76K,0.00%
05/21/2018,0.121,0.121,0.121,0.121,0.82K,-2.42%
06/25/2018,0.112,0.112,0.112,0.112,1.07K,-7.44%
07/09/2018,0.124,0.124,0.124,0.124,0.11K,10.71%
07/10/2018,0.126,0.112,0.126,0.112,38.54K,1.61%
08/14/2018,0.122,0.122,0.122,0.122,5.26K,-3.17%
10/15/2018,0.127,0.122,0.127,0.122,8.15K,4.10%
01/15/2019,0.134,0.125,0.134,0.125,522.50K,5.51%
01/23/2019,0.132,0.132,0.132,0.132,86.44K,-1.49%
01/31/2019,0.134,0.136,0.136,0.134,18.81K,1.52%
02/05/2019,0.135,0.135,0.135,0.135,148.39K,0.75%
02/17/2019,0.144,0.144,0.144,0.144,0.84K,6.67%
03/12/2019,0.135,0.135,0.135,0.135,154.27K,-6.25%
03/18/2019,0.135,0.135,0.135,0.135,101.61K,0.00%
04/14/2019,0.135,0.135,0.135,0.135,15.00K,0.00%
08/20/2019,0.135,0.135,0.135,0.135,1.29M,0.00%
08/22/2019,0.14,0.14,0.14,0.14,10.00K,3.70%
09/11/2019,0.138,0.138,0.138,0.138,1.00M,-1.43%
09/12/2019,0.14,0.14,0.14,0.14,23.50K,1.45%
09/30/2019,0.139,0.14,0.14,0.139,136.39K,-0.71%
02/02/2020,0.136,0.136,0.136,0.136,9.70K,-2.16%
02/04/2020,0.142,0.142,0.142,0.142,12.50K,4.41%
02/12/2020,0.136,0.138,0.138,0.136,550.00K,-4.23%
02/13/2020,0.14,0.14,0.14,0.14,11.20K,2.94%
03/01/2020,0.142,0.142,0.142,0.142,6.00K,1.43%
03/26/2020,0.136,0.136,0.136,0.136,0.21K,-4.23%
03/29/2020,0.136,0.136,0.136,0.136,0.10K,0.00%
04/06/2020,0.13,0.13,0.13,0.13,0.20K,-4.41%
05/05/2020,0.142,0.145,0.145,0.142,346.74K,9.23%
05/28/2020,0.145,0.145,0.145,0.145,18.00K,2.11%
09/10/2020,0.14,0.14,0.14,0.14,400.00K,-3.45%
10/25/2020,0.135,0.135,0.135,0.135,0.49K,-3.57%
10/28/2020,0.13,0.126,0.13,0.126,177.09K,-3.70%
11/03/2020,0.136,0.134,0.136,0.134,62.18K,4.62%
11/17/2020,0.132,0.135,0.135,0.132,1.07M,-2.94%
12/22/2020,0.121,0.13,0.13,0.121,26.64K,-8.33%
12/23/2020,0.125,0.125,0.125,0.125,23.40K,3.31%
02/07/2021,0.135,0.135,0.135,0.135,2.48K,8.00%
02/08/2021,0.125,0.125,0.125,0.125,36.12K,-7.41%
02/10/2021,0.13,0.13,0.13,0.13,257.00K,4.00%
02/11/2021,0.132,0.132,0.132,0.132,33.00K,1.54%
03/07/2021,0.132,0.132,0.132,0.132,0.42K,0.00%
03/23/2021,0.113,0.113,0.123,0.113,106.82K,-14.24%
03/25/2021,0.113,0.113,0.113,0.113,10.60K,0.00%
03/30/2021,0.106,0.106,0.106,0.106,40.35K,-6.67%
03/31/2021,0.113,0.113,0.113,0.113,43.46K,7.14%
04/20/2021,0.108,0.108,0.108,0.108,6.41M,-4.17%
04/21/2021,0.113,0.113,0.113,0.113,31.80K,4.35%
04/25/2021,0.108,0.108,0.108,0.108,5.30K,-4.17%
05/06/2021,0.111,0.111,0.111,0.111,26.50K,2.61%
05/23/2021,0.104,0.104,0.104,0.104,10.60K,-6.78%
06/07/2021,0.104,0.105,0.105,0.104,116.60K,0.00%
06/10/2021,0.104,0.104,0.104,0.104,5.30K,0.00%
06/14/2021,0.106,0.106,0.106,0.106,21.20K,1.82%
06/16/2021,0.107,0.107,0.107,0.107,53.00K,0.89%
06/17/2021,0.107,0.107,0.107,0.107,2.76K,0.00%
06/20/2021,0.107,0.107,0.107,0.107,29.04K,0.00%
06/23/2021,0.106,0.106,0.106,0.106,21.20K,-0.89%
06/30/2021,0.11,0.11,0.11,0.11,37.10K,4.46%
07/12/2021,0.107,0.11,0.11,0.107,11.66K,-3.42%
07/13/2021,0.106,0.107,0.107,0.106,46.99K,-0.89%
08/16/2021,0.102,0.104,0.104,0.102,206.70K,-3.57%
09/01/2021,0.1,0.1,0.1,0.1,29.04K,-1.85%
09/02/2021,0.099,0.099,0.099,0.099,28.56K,-0.94%
09/06/2021,0.099,0.099,0.099,0.099,37.10K,0.00%
09/08/2021,0.099,0.099,0.099,0.099,42.40K,0.00%
09/21/2021,0.098,0.098,0.098,0.098,2.97K,-0.95%
10/10/2021,0.094,0.094,0.094,0.094,2.12K,-3.85%
10/13/2021,0.102,0.102,0.102,0.102,38.16K,8.00%
10/20/2021,0.099,0.1,0.1,0.099,2.97K,-2.78%
10/21/2021,0.099,0.099,0.099,0.099,24.38K,0.00%
10/26/2021,0.096,0.096,0.096,0.096,46.43K,-2.86%
10/27/2021,0.093,0.094,0.094,0.093,218.21K,-2.94%
10/31/2021,0.092,0.092,0.092,0.092,59.94K,-1.01%
11/03/2021,0.09,0.092,0.092,0.09,129.43K,-3.06%
11/10/2021,0.086,0.085,0.086,0.085,1.20M,-4.21%
11/11/2021,0.086,0.086,0.086,0.086,50.47K,0.00%
11/15/2021,0.083,0.083,0.083,0.083,2.65K,-3.30%
11/16/2021,0.086,0.086,0.086,0.086,1.27K,3.41%
11/25/2021,0.087,0.087,0.087,0.087,5.49K,1.10%
12/06/2021,0.087,0.087,0.087,0.087,11.50K,0.00%
12/15/2021,0.084,0.084,0.084,0.084,2.94K,-3.26%
12/22/2021,0.087,0.087,0.087,0.087,10.60K,3.37%
12/23/2021,0.087,0.087,0.087,0.087,217.61K,0.00%
01/06/2022,0.095,0.094,0.095,0.094,42.40K,9.78%
01/10/2022,0.105,0.099,0.105,0.099,10.60K,9.90%
01/13/2022,0.094,0.094,0.094,0.094,74.20K,-9.91%
01/27/2022,0.104,0.104,0.104,0.104,27.40K,10.00%
01/30/2022,0.108,0.108,0.108,0.108,20.14K,4.55%
01/31/2022,0.11,0.108,0.11,0.108,39.54K,1.74%
02/07/2022,0.11,0.11,0.111,0.11,48.35K,0.00%
02/13/2022,0.106,0.106,0.106,0.106,7.74M,-4.27%
02/16/2022,0.111,0.111,0.111,0.111,21.20K,5.36%
02/17/2022,0.111,0.111,0.111,0.111,10.60K,0.00%
02/21/2022,0.111,0.111,0.111,0.111,21.20K,0.00%
02/22/2022,0.112,0.113,0.113,0.112,1.39M,0.85%
02/23/2022,0.115,0.115,0.115,0.115,23.20K,2.52%
02/24/2022,0.115,0.116,0.116,0.115,7.91K,0.00%
02/28/2022,0.115,0.115,0.115,0.115,5.86K,0.00%
03/02/2022,0.111,0.117,0.117,0.111,22.26K,-3.28%
03/06/2022,0.111,0.111,0.111,0.111,10.60K,0.00%
03/09/2022,0.11,0.11,0.11,0.11,24.16K,-0.85%
03/10/2022,0.111,0.111,0.111,0.111,43.57K,0.86%
03/15/2022,0.109,0.109,0.109,0.109,21.20K,-1.70%
03/21/2022,0.112,0.112,0.112,0.112,0.11K,2.59%
03/24/2022,0.112,0.112,0.113,0.112,26.07K,0.00%
03/28/2022,0.113,0.113,0.113,0.113,10.60K,0.84%
04/11/2022,0.113,0.113,0.113,0.113,31.80K,0.00%
04/12/2022,0.113,0.113,0.113,0.113,11.87K,0.00%
04/13/2022,0.113,0.117,0.117,0.113,91.83K,0.00%
04/14/2022,0.118,0.119,0.119,0.117,74.20K,4.17%
04/18/2022,0.117,0.117,0.117,0.117,132.50K,-0.80%
04/19/2022,0.119,0.118,0.119,0.118,31.80K,1.61%
04/24/2022,0.113,0.114,0.114,0.113,42.40K,-4.76%
04/25/2022,0.113,0.114,0.114,0.113,49.40K,0.00%
04/28/2022,0.112,0.112,0.112,0.112,13.25K,-0.83%
05/31/2022,0.109,0.109,0.109,0.109,47.70K,-2.52%
06/15/2022,0.107,0.107,0.107,0.107,8.67K,-2.59%
06/20/2022,0.107,0.107,0.107,0.107,1.47K,0.00%
06/21/2022,0.108,0.108,0.108,0.108,95.40K,0.88%
07/27/2022,0.111,0.11,0.111,0.11,41.94K,3.51%
07/28/2022,0.109,0.111,0.111,0.109,53.00K,-1.70%
08/01/2022,0.108,0.108,0.108,0.108,20.74K,-0.86%
08/02/2022,0.108,0.108,0.108,0.108,51.94K,0.00%
08/03/2022,0.108,0.108,0.108,0.108,38.16K,0.00%
08/04/2022,0.109,0.108,0.109,0.108,34.45K,0.87%
08/07/2022,0.109,0.109,0.109,0.109,1.06M,0.00%
08/09/2022,0.109,0.109,0.109,0.109,10.60K,0.00%
08/10/2022,0.109,0.109,0.109,0.109,1.37M,0.00%
08/16/2022,0.113,0.109,0.113,0.109,42.40K,3.45%
08/28/2022,0.111,0.111,0.111,0.111,2.25K,-1.67%
08/29/2022,0.111,0.111,0.111,0.111,6.97K,0.00%
09/01/2022,0.111,0.111,0.111,0.111,11.98K,0.00%
09/14/2022,0.111,0.111,0.111,0.111,8.55K,0.00%
09/15/2022,0.111,0.111,0.111,0.111,10.60K,0.00%
09/26/2022,0.11,0.11,0.11,0.11,4.50K,-0.85%
10/03/2022,0.111,0.111,0.111,0.111,5.30K,0.86%
10/05/2022,0.111,0.111,0.111,0.111,0.32K,0.00%
10/06/2022,0.111,0.111,0.111,0.111,0.21K,0.00%
11/13/2022,0.108,0.108,0.108,0.108,9.18K,-2.54%
12/12/2022,0.108,0.108,0.108,0.108,9.19K,0.00%
12/13/2022,0.119,0.119,0.119,0.119,2.12K,9.56%
12/20/2022,0.113,0.113,0.13,0.113,25.71K,-4.76%
12/21/2022,0.108,0.111,0.111,0.108,28.25K,-4.17%
01/04/2023,0.111,0.111,0.111,0.111,19.06K,2.61%
01/08/2023,0.109,0.109,0.109,0.109,6.87K,-1.70%
01/26/2023,0.11,0.11,0.11,0.11,21.20K,0.86%
01/29/2023,0.113,0.113,0.113,0.113,1.59K,2.56%
01/30/2023,0.125,0.118,0.125,0.118,20.71K,10.00%
02/01/2023,0.126,0.126,0.126,0.126,10.71K,1.52%
02/02/2023,0.126,0.126,0.126,0.126,318.00K,0.00%
02/05/2023,0.133,0.126,0.133,0.126,50.27K,5.22%
02/07/2023,0.132,0.132,0.132,0.132,26.50K,-0.71%
02/08/2023,0.132,0.132,0.132,0.132,2.38K,0.00%
02/23/2023,0.131,0.131,0.131,0.131,54.59K,-0.71%
02/26/2023,0.132,0.13,0.132,0.13,14.58K,0.72%
02/27/2023,0.142,0.13,0.142,0.13,62.54K,7.14%
02/28/2023,0.142,0.134,0.142,0.134,116.60K,0.00%
03/01/2023,0.134,0.134,0.134,0.134,21.20K,-5.33%
03/02/2023,0.134,0.134,0.134,0.134,31.80K,0.00%
03/05/2023,0.138,0.136,0.138,0.136,58.30K,2.82%
03/06/2023,0.138,0.138,0.138,0.138,5.30K,0.00%
03/07/2023,0.136,0.136,0.136,0.136,15.90K,-1.37%
03/08/2023,0.136,0.136,0.136,0.136,0.21K,0.00%
03/15/2023,0.136,0.136,0.136,0.136,53.00K,0.00%
03/20/2023,0.134,0.134,0.134,0.134,2.23K,-1.39%
03/27/2023,0.134,0.134,0.134,0.134,3.72K,0.00%
04/05/2023,0.126,0.122,0.126,0.121,42.20K,-5.94%
04/13/2023,0.132,0.126,0.132,0.126,3.76K,4.76%
04/25/2023,0.123,0.126,0.126,0.123,0.80K,-6.82%
05/11/2023,0.12,0.12,0.122,0.118,42.04K,-2.44%
05/14/2023,0.124,0.116,0.124,0.116,50.90K,3.33%
05/18/2023,0.117,0.119,0.119,0.117,3.60K,-5.65%
05/23/2023,0.116,0.116,0.116,0.116,5.90K,-0.85%
05/24/2023,0.117,0.117,0.117,0.117,4.07K,0.86%
05/29/2023,0.117,0.116,0.117,0.115,14.60K,0.00%
06/06/2023,0.118,0.118,0.118,0.118,35.00K,0.85%
06/07/2023,0.123,0.118,0.123,0.118,90.00K,4.24%
06/14/2023,0.127,0.122,0.127,0.122,30.00K,3.25%
06/21/2023,0.132,0.132,0.132,0.132,10.00K,3.94%
06/26/2023,0.13,0.13,0.13,0.13,5.00K,-1.52%
07/04/2023,0.12,0.12,0.12,0.12,4.35K,-7.69%
07/10/2023,0.132,0.13,0.132,0.13,119.12K,10.00%
07/11/2023,0.145,0.134,0.145,0.134,658.54K,9.85%
07/12/2023,0.151,0.145,0.151,0.145,260.00K,4.14%
07/13/2023,0.155,0.155,0.155,0.155,20.00K,2.65%
07/24/2023,0.156,0.152,0.156,0.152,150.00K,0.65%
07/27/2023,0.156,0.156,0.162,0.156,50.15K,0.00%
07/30/2023,0.158,0.157,0.158,0.157,35.85K,1.28%
08/03/2023,0.166,0.166,0.166,0.166,10.00K,5.06%
12/28/2023,0.176,0.176,0.176,0.176,5.60K,6.02%
12/31/2023,0.18,0.166,0.18,0.166,17.24M,2.27%
01/01/2024,0.166,0.166,0.166,0.166,3.00K,-7.78%
01/30/2024,0.166,0.166,0.166,0.166,28.09K,0.00%
01/31/2024,0.166,0.166,0.166,0.166,15.00K,0.00%
02/01/2024,0.15,0.15,0.15,0.15,0.10K,-9.64%
02/06/2024,0.16,0.16,0.16,0.16,2.50K,6.67%
03/04/2024,0.16,0.16,0.16,0.16,1.01K,0.00%
03/28/2024,0.16,0.16,0.16,0.16,21.07K,0.00%
03/31/2024,0.175,0.161,0.175,0.161,1.00K,9.38%
04/14/2024,0.175,0.175,0.175,0.175,2.85K,0.00%
04/21/2024,0.175,0.175,0.175,0.175,5.70K,0.00%
04/30/2024,0.165,0.165,0.165,0.165,5.68K,-5.71%
05/07/2024,0.165,0.165,0.165,0.165,60.00K,0.00%
05/08/2024,0.165,0.165,0.165,0.165,50.00K,0.00%
05/14/2024,0.165,0.165,0.165,0.164,60.00K,0.00%
05/29/2024,0.16,0.16,0.16,0.16,12.50K,-3.03%
05/30/2024,0.155,0.155,0.155,0.155,100.00K,-3.12%
06/13/2024,0.15,0.15,0.15,0.15,6.50K,-3.23%
06/30/2024,0.154,0.154,0.154,0.154,2.00K,2.67%
07/08/2024,0.15,0.15,0.15,0.15,10.00K,-2.60%
08/01/2024,0.14,0.145,0.145,0.14,60.00K,-6.67%
08/22/2024,0.14,0.139,0.14,0.139,57.32K,0.00%
08/29/2024,0.15,0.15,0.15,0.15,1.00K,7.14%
09/03/2024,0.14,0.14,0.14,0.14,26.11K,-6.67%
09/04/2024,0.135,0.15,0.15,0.135,1.00K,-3.57%
09/10/2024,0.135,0.135,0.135,0.135,,0.00%
09/11/2024,0.135,0.135,0.135,0.135,19.50K,0.00%
09/12/2024,0.135,0.135,0.135,0.135,,0.00%
09/16/2024,0.135,0.135,0.135,0.135,,0.00%
09/17/2024,0.135,0.135,0.135,0.135,,0.00%
09/18/2024,0.135,0.135,0.135,0.135,,0.00%
09/19/2024,0.135,0.135,0.135,0.135,,0.00%
09/22/2024,0.135,0.135,0.135,0.135,,0.00%
09/23/2024,0.135,0.135,0.135,0.135,,0.00%
09/24/2024,0.135,0.135,0.135,0.135,,0.00%
09/25/2024,0.135,0.135,0.135,0.135,,0.00%
09/26/2024,0.135,0.135,0.135,0.135,,0.00%
09/29/2024,0.135,0.135,0.135,0.135,,0.00%
09/30/2024,0.135,0.135,0.135,0.135,,0.00%
10/01/2024,0.135,0.135,0.135,0.135,,0.00%
10/02/2024,0.135,0.135,0.135,0.135,,0.00%
10/03/2024,0.135,0.135,0.135,0.135,,0.00%
10/06/2024,0.135,0.135,0.135,0.135,,0.00%
10/07/2024,0.135,0.135,0.135,0.135,,0.00%
10/08/2024,0.135,0.135,0.135,0.135,,0.00%
10/09/2024,0.135,0.135,0.135,0.135,,0.00%
10/10/2024,0.135,0.135,0.135,0.135,,0.00%
10/13/2024,0.135,0.135,0.135,0.135,,0.00%
10/14/2024,0.135,0.135,0.135,0.135,,0.00%
10/15/2024,0.135,0.135,0.135,0.135,,0.00%
10/16/2024,0.135,0.135,0.135,0.135,,0.00%
10/17/2024,0.135,0.135,0.135,0.135,,0.00%
10/20/2024,0.132,0.132,0.132,0.132,2.34K,-2.22%
10/21/2024,0.132,0.132,0.132,0.132,,0.00%
10/22/2024,0.132,0.132,0.132,0.132,,0.00%
10/23/2024,0.132,0.132,0.132,0.132,,0.00%
10/24/2024,0.132,0.132,0.132,0.132,,0.00%
10/27/2024,0.132,0.132,0.132,0.132,,0.00%
10/28/2024,0.132,0.132,0.132,0.132,,0.00%
10/29/2024,0.132,0.132,0.132,0.132,,0.00%
10/30/2024,0.132,0.133,0.133,0.132,47.66K,0.00%
10/31/2024,0.132,0.132,0.132,0.132,,0.00%
11/03/2024,0.132,0.132,0.132,0.132,,0.00%
11/04/2024,0.132,0.132,0.132,0.132,,0.00%
11/05/2024,0.132,0.132,0.132,0.132,,0.00%
11/06/2024,0.132,0.132,0.132,0.132,,0.00%
11/07/2024,0.132,0.132,0.132,0.132,,0.00%
11/10/2024,0.132,0.132,0.132,0.132,,0.00%
11/11/2024,0.132,0.132,0.132,0.132,,0.00%
11/12/2024,0.132,0.132,0.132,0.132,0.50K,0.00%
11/13/2024,0.132,0.132,0.132,0.132,,0.00%
11/14/2024,0.132,0.132,0.132,0.132,,0.00%
11/17/2024,0.132,0.132,0.132,0.132,,0.00%
11/18/2024,0.132,0.132,0.132,0.132,,0.00%
11/19/2024,0.132,0.132,0.132,0.132,,0.00%
11/24/2024,0.132,0.132,0.132,0.132,,0.00%
11/25/2024,0.132,0.132,0.132,0.132,,0.00%
11/26/2024,0.132,0.132,0.132,0.132,,0.00%
11/27/2024,0.132,0.132,0.132,0.132,,0.00%
11/28/2024,0.132,0.132,0.132,0.132,,0.00%
12/01/2024,0.132,0.132,0.132,0.132,,0.00%
12/02/2024,0.132,0.132,0.132,0.132,,0.00%
12/03/2024,0.132,0.132,0.132,0.132,,0.00%
12/04/2024,0.132,0.132,0.132,0.132,,0.00%
12/05/2024,0.132,0.132,0.132,0.132,,0.00%
12/08/2024,0.132,0.132,0.132,0.132,,0.00%
12/09/2024,0.132,0.132,0.132,0.132,,0.00%
12/10/2024,0.132,0.132,0.132,0.132,,0.00%
12/11/2024,0.132,0.132,0.132,0.132,,0.00%
12/12/2024,0.132,0.132,0.132,0.132,,0.00%
12/15/2024,0.132,0.132,0.132,0.132,,0.00%
12/16/2024,0.132,0.132,0.132,0.132,,0.00%
12/17/2024,0.132,0.132,0.132,0.132,,0.00%
12/18/2024,0.132,0.132,0.132,0.132,,0.00%
12/19/2024,0.132,0.132,0.132,0.132,,0.00%
12/22/2024,0.132,0.132,0.132,0.132,,0.00%
12/23/2024,0.132,0.132,0.132,0.132,0.10K,0.00%
12/24/2024,0.125,0.125,0.125,0.125,19.63K,-5.30%
12/25/2024,0.135,0.132,0.135,0.132,12.87K,8.00%
12/26/2024,0.135,0.135,0.135,0.135,,0.00%
12/29/2024,0.135,0.135,0.135,0.135,,0.00%
12/30/2024,0.14,0.14,0.14,0.14,10.00K,3.70%
12/31/2024,0.14,0.15,0.15,0.13,36.00K,0.00%
01/01/2025,0.138,0.138,0.138,0.138,15.00K,-1.43%
01/02/2025,0.138,0.138,0.138,0.138,,0.00%
01/05/2025,0.138,0.138,0.138,0.138,,0.00%
01/06/2025,0.138,0.138,0.138,0.138,,0.00%
01/07/2025,0.138,0.138,0.138,0.138,,0.00%
01/08/2025,0.138,0.138,0.138,0.138,,0.00%
01/09/2025,0.138,0.138,0.138,0.138,,0.00%
01/13/2025,0.13,0.135,0.135,0.13,94.40K,-5.80%
01/14/2025,0.13,0.13,0.13,0.13,21.00K,0.00%
01/15/2025,0.13,0.13,0.13,0.13,,0.00%
01/16/2025,0.13,0.13,0.13,0.13,,0.00%
01/19/2025,0.13,0.13,0.13,0.13,,0.00%
01/20/2025,0.13,0.13,0.13,0.13,31.21K,0.00%
01/21/2025,0.128,0.13,0.13,0.128,21.60K,-1.54%
01/22/2025,0.126,0.128,0.128,0.126,38.64K,-1.56%
01/23/2025,0.126,0.126,0.126,0.126,,0.00%
01/26/2025,0.124,0.125,0.125,0.124,28.12K,-1.59%
01/27/2025,0.123,0.123,0.123,0.122,200.00K,-0.81%
01/28/2025,0.123,0.123,0.123,0.123,,0.00%
01/29/2025,0.121,0.121,0.121,0.119,115.00K,-1.63%
02/02/2025,0.132,0.13,0.132,0.13,147.50K,9.09%
02/03/2025,0.132,0.135,0.135,0.132,54.50K,0.00%
02/04/2025,0.13,0.13,0.13,0.13,30.00K,-1.52%
02/05/2025,0.13,0.131,0.131,0.129,349.49K,0.00%
02/06/2025,0.13,0.128,0.13,0.128,15.77K,0.00%
02/09/2025,0.13,0.13,0.13,0.13,368.71K,0.00%
02/10/2025,0.134,0.134,0.134,0.134,1.12K,3.08%
02/11/2025,0.134,0.134,0.134,0.134,11.50K,0.00%
02/12/2025,0.134,0.134,0.135,0.134,157.50K,0.00%
02/13/2025,0.134,0.134,0.134,0.134,,0.00%
02/16/2025,0.134,0.134,0.134,0.134,,0.00%
02/17/2025,0.135,0.135,0.135,0.135,3.90K,0.75%
02/18/2025,0.134,0.134,0.134,0.134,58.60K,-0.74%
02/19/2025,0.134,0.134,0.134,0.134,,0.00%
02/20/2025,0.133,0.133,0.133,0.133,13.00K,-0.75%
02/23/2025,0.13,0.13,0.13,0.13,84.23K,-2.26%
02/24/2025,0.132,0.131,0.132,0.131,16.00K,1.54%
02/25/2025,0.131,0.133,0.133,0.131,47.34K,-0.76%
02/26/2025,0.132,0.132,0.132,0.132,5.00K,0.76%
02/27/2025,0.14,0.14,0.14,0.14,0.11K,6.06%
03/02/2025,0.135,0.15,0.15,0.135,219.50K,-3.57%
03/03/2025,0.135,0.135,0.135,0.135,2.18K,0.00%
03/04/2025,0.135,0.135,0.135,0.135,55.00K,0.00%
03/05/2025,0.135,0.135,0.135,0.135,,0.00%
03/06/2025,0.135,0.135,0.135,0.135,50.00K,0.00%
03/09/2025,0.135,0.135,0.135,0.135,,0.00%
03/10/2025,0.135,0.135,0.135,0.135,38.80K,0.00%
03/11/2025,0.135,0.135,0.135,0.135,,0.00%
03/12/2025,0.132,0.132,0.132,0.132,50.00K,-2.22%
03/13/2025,0.128,0.129,0.13,0.128,353.87K,-3.03%
03/16/2025,0.128,0.128,0.128,0.128,205.68K,0.00%
03/17/2025,0.13,0.13,0.13,0.13,16.01K,1.56%
03/18/2025,0.132,0.132,0.132,0.13,28.40K,1.54%
03/19/2025,0.132,0.132,0.132,0.132,1.23K,0.00%
03/20/2025,0.132,0.132,0.132,0.132,50.50K,0.00%
03/23/2025,0.134,0.133,0.134,0.133,81.28K,1.52%
03/24/2025,0.134,0.134,0.134,0.134,61.17K,0.00%
03/25/2025,0.135,0.136,0.136,0.135,29.56K,0.75%
03/26/2025,0.135,0.136,0.136,0.135,53.54K,0.00%
03/27/2025,0.135,0.135,0.135,0.135,,0.00%
04/06/2025,0.115,0.115,0.115,0.115,10.20K,-14.81%
04/07/2025,0.115,0.115,0.115,0.115,,0.00%
04/08/2025,0.118,0.118,0.118,0.118,4.00K,2.61%
04/09/2025,0.115,0.115,0.115,0.115,26.00K,-2.54%
04/10/2025,0.115,0.115,0.115,0.115,,0.00%
04/13/2025,0.117,0.115,0.117,0.115,86.00K,1.74%
04/14/2025,0.117,0.117,0.117,0.117,,0.00%
04/15/2025,0.118,0.118,0.118,0.118,8.00K,0.85%
04/16/2025,0.124,0.124,0.124,0.124,10.00K,5.08%
04/17/2025,0.124,0.124,0.124,0.124,,0.00%
04/20/2025,0.119,0.121,0.121,0.119,77.54K,-4.03%
04/21/2025,0.118,0.118,0.118,0.118,50.00K,-0.84%
04/22/2025,0.121,0.118,0.121,0.118,11.20K,2.54%
04/23/2025,0.121,0.121,0.121,0.121,,0.00%
04/24/2025,0.123,0.123,0.123,0.123,0.92K,1.65%
04/27/2025,0.123,0.123,0.123,0.123,,0.00%
04/28/2025,0.123,0.123,0.123,0.123,,0.00%
04/29/2025,0.122,0.122,0.122,0.122,0.41K,-0.81%
04/30/2025,0.123,0.122,0.123,0.122,25.00K,0.82%
05/01/2025,0.122,0.12,0.122,0.12,56.93K,-0.81%
05/04/2025,0.122,0.122,0.122,0.122,49.70K,0.00%
05/05/2025,0.122,0.122,0.122,0.122,5.00K,0.00%
05/06/2025,0.122,0.122,0.122,0.122,5.22K,0.00%
05/07/2025,0.122,0.122,0.122,0.122,21.79K,0.00%
05/08/2025,0.122,0.122,0.122,0.122,,0.00%
05/11/2025,0.12,0.122,0.122,0.12,41.77K,-1.64%
05/12/2025,0.12,0.12,0.12,0.12,86.00K,0.00%
05/13/2025,0.12,0.12,0.12,0.12,20.50K,0.00%
05/14/2025,0.119,0.12,0.12,0.119,0.70K,-0.83%
05/15/2025,0.12,0.12,0.12,0.12,15.00K,0.84%
05/18/2025,0.12,0.119,0.12,0.119,53.00K,0.00%
05/19/2025,0.12,0.12,0.12,0.12,6.00K,0.00%
05/20/2025,0.12,0.12,0.12,0.12,,0.00%
05/21/2025,0.12,0.12,0.12,0.12,15.07K,0.00%
05/22/2025,0.117,0.12,0.12,0.115,5.02M,-2.50%
05/25/2025,0.117,0.117,0.117,0.117,46.00K,0.00%
05/26/2025,0.118,0.118,0.118,0.118,11.07K,0.85%
05/27/2025,0.119,0.119,0.119,0.119,25.00K,0.85%
05/28/2025,0.123,0.12,0.123,0.12,91.10K,3.36%
05/29/2025,0.122,0.123,0.124,0.122,843.00K,-0.81%
06/01/2025,0.122,0.122,0.122,0.122,856.26K,0.00%
06/02/2025,0.122,0.122,0.122,0.122,502.00K,0.00%
06/03/2025,0.122,0.122,0.123,0.121,560.88K,0.00%
06/04/2025,0.122,0.122,0.122,0.122,55.50K,0.00%
06/10/2025,0.122,0.122,0.122,0.122,,0.00%
06/11/2025,0.122,0.122,0.122,0.122,8.20K,0.00%
06/12/2025,0.122,0.122,0.122,0.122,,0.00%
06/15/2025,0.118,0.12,0.12,0.118,65.50K,-3.28%
06/16/2025,0.12,0.12,0.12,0.12,35.00K,1.69%
06/17/2025,0.12,0.12,0.12,0.12,,0.00%
06/18/2025,0.12,0.12,0.12,0.12,,0.00%
06/19/2025,0.12,0.12,0.12,0.12,501.00K,0.00%
06/22/2025,0.12,0.12,0.12,0.12,,0.00%
06/23/2025,0.118,0.118,0.118,0.118,32.15K,-1.67%
06/24/2025,0.118,0.118,0.118,0.118,,0.00%
06/25/2025,0.118,0.118,0.118,0.118,,0.00%
06/26/2025,0.118,0.118,0.118,0.118,,0.00%
06/30/2025,0.118,0.118,0.118,0.118,43.50K,0.00%
07/01/2025,0.118,0.118,0.118,0.118,,0.00%
07/02/2025,0.118,0.119,0.119,0.118,375.50K,0.00%
07/03/2025,0.118,0.119,0.119,0.118,1.03M,0.00%
07/06/2025,0.118,0.118,0.118,0.118,57.30K,0.00%
07/07/2025,0.118,0.118,0.118,0.118,84.50K,0.00%
07/08/2025,0.118,0.118,0.118,0.118,105.60K,0.00%
07/09/2025,0.118,0.118,0.118,0.118,,0.00%
07/10/2025,0.118,0.118,0.118,0.118,,0.00%
07/13/2025,0.118,0.119,0.119,0.118,309.70K,0.00%
07/14/2025,0.127,0.122,0.127,0.122,678.41K,7.63%
07/15/2025,0.126,0.125,0.127,0.125,188.28K,-0.79%
07/16/2025,0.124,0.124,0.124,0.124,15.00K,-1.59%
07/17/2025,0.127,0.125,0.127,0.125,153.70K,2.42%
07/20/2025,0.127,0.127,0.127,0.127,,0.00%
07/21/2025,0.127,0.127,0.127,0.127,,0.00%
07/22/2025,0.13,0.126,0.13,0.126,564.31K,2.36%
07/23/2025,0.133,0.13,0.133,0.13,703.00K,2.31%
07/24/2025,0.133,0.133,0.134,0.133,35.00K,0.00%
07/27/2025,0.133,0.133,0.133,0.133,,0.00%
07/28/2025,0.133,0.133,0.133,0.133,,0.00%
07/29/2025,0.133,0.133,0.133,0.133,,0.00%
07/30/2025,0.132,0.132,0.132,0.132,111.50K,-0.75%
07/31/2025,0.134,0.132,0.134,0.132,290.77K,1.52%
08/03/2025,0.132,0.132,0.132,0.132,2.50K,-1.49%
08/04/2025,0.132,0.132,0.132,0.132,,0.00%
08/05/2025,0.132,0.132,0.132,0.132,,0.00%
08/06/2025,0.134,0.13,0.134,0.13,93.74K,1.52%
08/07/2025,0.134,0.134,0.134,0.134,,0.00%
08/10/2025,0.135,0.135,0.135,0.135,500.00K,0.75%
08/11/2025,0.135,0.135,0.135,0.135,,0.00%
08/12/2025,0.131,0.131,0.131,0.131,1.80K,-2.96%
08/13/2025,0.131,0.131,0.131,0.131,,0.00%
08/14/2025,0.131,0.131,0.131,0.131,,0.00%
08/17/2025,0.131,0.131,0.131,0.131,,0.00%
08/18/2025,0.132,0.132,0.132,0.132,70.00K,0.76%
08/19/2025,0.134,0.133,0.134,0.133,2.50K,1.52%
08/20/2025,0.134,0.134,0.134,0.134,,0.00%
08/21/2025,0.134,0.134,0.134,0.134,,0.00%
08/24/2025,0.134,0.133,0.134,0.133,47.17K,0.00%
08/25/2025,0.134,0.134,0.134,0.134,4.00K,0.00%
08/26/2025,0.134,0.134,0.134,0.134,193.58K,0.00%
08/27/2025,0.134,0.134,0.134,0.134,9.00K,0.00%
08/28/2025,0.131,0.131,0.133,0.131,40.28K,-2.24%
08/31/2025,0.134,0.134,0.134,0.134,25.00K,2.29%
09/01/2025,0.134,0.134,0.134,0.133,10.80K,0.00%
09/02/2025,0.134,0.134,0.134,0.134,,0.00%
09/03/2025,0.132,0.134,0.134,0.132,96.50K,-1.49%
09/04/2025,0.132,0.132,0.132,0.132,,0.00%
09/08/2025,0.131,0.132,0.132,0.131,120.50K,-0.76%
09/09/2025,0.13,0.13,0.13,0.13,45.00K,-0.76%
09/10/2025,0.129,0.129,0.129,0.129,30.00K,-0.77%
09/11/2025,0.129,0.129,0.129,0.129,,0.00%
09/14/2025,0.129,0.129,0.129,0.129,,0.00%
09/15/2025,0.129,0.129,0.129,0.129,,0.00%
09/16/2025,0.129,0.132,0.132,0.132,5.00K,0.00%
09/17/2025,0.129,0.129,0.129,0.129,,0.00%
09/18/2025,0.129,0.129,0.129,0.129,,0.00%
09/21/2025,0.13,0.13,0.13,0.13,60.00K,0.78%
09/22/2025,0.13,0.13,0.13,0.13,40.00K,0.00%
09/23/2025,0.129,0.129,0.129,0.129,0.03K,-0.77%
09/24/2025,0.133,0.133,0.133,0.133,6.62K,3.10%
09/25/2025,0.134,0.133,0.134,0.133,207.00K,0.75%
09/28/2025,0.134,0.134,0.134,0.134,,0.00%
09/29/2025,0.134,0.134,0.134,0.134,100.10K,0.00%
09/30/2025,0.134,0.134,0.134,0.134,,0.00%
10/01/2025,0.134,0.134,0.134,0.133,498.87K,0.00%
10/02/2025,0.134,0.134,0.134,0.134,,0.00%
10/05/2025,0.134,0.134,0.134,0.134,50.00K,0.00%
10/06/2025,0.134,0.135,0.135,0.134,53.35K,0.00%
10/07/2025,0.134,0.133,0.134,0.133,37.00K,0.00%
10/08/2025,0.135,0.135,0.135,0.135,77.87K,0.75%
10/09/2025,0.137,0.137,0.137,0.137,1.47K,1.48%
10/12/2025,0.138,0.14,0.141,0.138,151.72K,0.73%
10/13/2025,0.138,0.138,0.138,0.138,,0.00%
10/14/2025,0.138,0.138,0.138,0.138,,0.00%
10/15/2025,0.138,0.138,0.138,0.138,10.00K,0.00%
10/16/2025,0.14,0.14,0.14,0.14,13.20K,1.45%
10/19/2025,0.136,0.136,0.136,0.136,300.00K,-2.86%
10/20/2025,0.138,0.138,0.138,0.138,84.41K,1.47%
10/21/2025,0.138,0.138,0.138,0.138,5.50K,0.00%
10/22/2025,0.138,0.137,0.138,0.137,143.00K,0.00%
10/23/2025,0.139,0.14,0.14,0.139,6.50K,0.72%
10/26/2025,0.139,0.139,0.139,0.139,,0.00%
10/27/2025,0.14,0.14,0.14,0.14,7.35K,0.72%
10/28/2025,0.14,0.14,0.14,0.14,,0.00%
10/29/2025,0.14,0.143,0.143,0.14,43.20K,0.00%
10/30/2025,0.139,0.14,0.14,0.139,148.75K,-0.71%
11/02/2025,0.14,0.14,0.14,0.14,62.92K,0.72%
11/03/2025,0.14,0.14,0.14,0.14,,0.00%
11/04/2025,0.14,0.14,0.14,0.14,,0.00%
11/05/2025,0.14,0.14,0.14,0.14,,0.00%
11/06/2025,0.14,0.14,0.14,0.14,,0.00%
11/09/2025,0.14,0.14,0.14,0.14,,0.00%
11/10/2025,0.145,0.141,0.145,0.141,3.50K,3.57%
11/11/2025,0.145,0.145,0.145,0.145,,0.00%
11/12/2025,0.144,0.143,0.144,0.143,17.61K,-0.69%
11/13/2025,0.145,0.143,0.145,0.143,15.43K,0.69%
11/16/2025,0.143,0.142,0.143,0.142,18.00K,-1.38%
11/17/2025,0.146,0.146,0.146,0.145,42.38K,2.10%
11/18/2025,0.144,0.144,0.144,0.144,7.20K,-1.37%
11/19/2025,0.144,0.144,0.144,0.144,,0.00%
11/20/2025,0.144,0.144,0.144,0.144,,0.00%
11/23/2025,0.144,0.143,0.144,0.143,10.20K,0.00%
11/24/2025,0.144,0.144,0.144,0.144,81.00K,0.00%
11/25/2025,0.144,0.144,0.144,0.144,1.00K,0.00%
11/30/2025,0.144,0.145,0.145,0.144,12.70K,0.00%
12/01/2025,0.144,0.144,0.144,0.144,67.03K,0.00%
12/02/2025,0.145,0.145,0.145,0.145,74.59K,0.69%
12/03/2025,0.145,0.145,0.145,0.145,5.83K,0.00%
12/04/2025,0.147,0.145,0.147,0.145,34.00K,1.38%
12/07/2025,0.151,0.149,0.151,0.148,46.10K,2.72%
12/08/2025,0.153,0.15,0.153,0.15,33.30K,1.32%
12/09/2025,0.152,0.15,0.152,0.15,21.50K,-0.65%
12/10/2025,0.15,0.15,0.15,0.15,24.00K,-1.32%
12/11/2025,0.15,0.15,0.15,0.15,6.25K,0.00%
12/14/2025,0.15,0.15,0.15,0.15,,0.00%
12/15/2025,0.15,0.15,0.15,0.15,,0.00%
12/16/2025,0.153,0.153,0.153,0.152,12.00K,2.00%
12/17/2025,0.157,0.154,0.157,0.154,15.20K,2.61%
12/18/2025,0.153,0.156,0.156,0.153,6.53K,-2.55%
12/21/2025,0.153,0.153,0.153,0.153,,0.00%
12/22/2025,0.153,0.153,0.153,0.153,101.30K,0.00%
12/23/2025,0.158,0.156,0.158,0.156,73.86K,3.27%
12/24/2025,0.158,0.158,0.158,0.158,0.20K,0.00%
12/25/2025,0.159,0.159,0.159,0.159,4.41K,0.63%
12/28/2025,0.159,0.159,0.159,0.159,,0.00%
12/29/2025,0.159,0.159,0.159,0.159,,0.00%
12/30/2025,0.155,0.152,0.155,0.15,49.00K,-2.52%
12/31/2025,0.157,0.155,0.157,0.155,10.11K,1.29%
01/01/2026,0.157,0.157,0.157,0.157,,0.00%
01/04/2026,0.157,0.157,0.157,0.157,,0.00%
01/05/2026,0.16,0.157,0.16,0.157,66.89K,1.91%
01/06/2026,0.16,0.16,0.16,0.16,,0.00%
01/07/2026,0.16,0.16,0.16,0.16,,0.00%
01/08/2026,0.164,0.164,0.164,0.163,42.86K,2.50%
01/11/2026,0.165,0.165,0.165,0.165,52.80K,0.61%
01/12/2026,0.165,0.168,0.168,0.165,53.86K,0.00%
01/13/2026,0.167,0.17,0.175,0.166,145.32K,1.21%
01/14/2026,0.17,0.169,0.17,0.169,39.60K,1.80%
01/19/2026,0.175,0.174,0.175,0.174,24.50K,2.94%
01/20/2026,0.177,0.175,0.177,0.175,41.00K,1.14%
01/21/2026,0.179,0.177,0.179,0.175,134.30K,1.13%
01/22/2026,0.179,0.179,0.179,0.176,22.30K,0.00%
01/25/2026,0.179,0.179,0.179,0.179,,0.00%
01/26/2026,0.179,0.179,0.179,0.169,22.83K,0.00%
01/27/2026,0.177,0.177,0.177,0.177,40.00K,-1.12%
01/28/2026,0.194,0.194,0.194,0.194,253.27K,9.60%
01/29/2026,0.204,0.212,0.213,0.2,173.34K,5.15%
02/01/2026,0.202,0.202,0.203,0.202,62.48K,-0.98%
02/02/2026,0.21,0.2,0.21,0.2,208.39K,3.96%
02/03/2026,0.21,0.211,0.211,0.21,42.40K,0.00%
02/04/2026,0.209,0.209,0.209,0.209,3.00K,-0.48%
02/05/2026,0.21,0.209,0.211,0.209,102.30K,0.48%
02/08/2026,0.213,0.21,0.213,0.21,114.70K,1.43%
02/09/2026,0.215,0.213,0.215,0.213,29.25K,0.94%
02/10/2026,0.219,0.215,0.221,0.215,59.88K,1.86%
02/11/2026,0.226,0.221,0.226,0.22,142.88K,3.20%
02/12/2026,0.225,0.225,0.228,0.225,20.39K,-0.44%
02/15/2026,0.218,0.225,0.225,0.218,16.89K,-3.11%
02/16/2026,0.22,0.22,0.221,0.22,160.21K,0.92%
02/17/2026,0.22,0.22,0.225,0.22,629.18K,0.00%
02/18/2026,0.22,0.22,0.22,0.22,5.00K,0.00%
02/19/2026,0.222,0.218,0.222,0.218,15.00K,0.91%
02/22/2026,0.222,0.222,0.223,0.222,81.53K,0.00%
02/23/2026,0.221,0.222,0.222,0.221,7.09K,-0.45%
02/24/2026,0.225,0.223,0.225,0.223,11.70K,1.81%
02/25/2026,0.233,0.223,0.233,0.223,16.30K,3.56%
02/26/2026,0.234,0.228,0.235,0.228,102.52K,0.43%
03/01/2026,0.23,0.211,0.23,0.211,58.94K,-1.71%
03/02/2026,0.23,0.23,0.23,0.23,0.47K,0.00%
03/03/2026,0.225,0.225,0.225,0.225,5.00K,-2.17%
03/04/2026,0.225,0.225,0.225,0.225,,0.00%
03/05/2026,0.229,0.225,0.23,0.225,115.03K,1.78%
03/08/2026,0.229,0.229,0.229,0.229,5.00K,0.00%
03/09/2026,0.227,0.232,0.232,0.227,35.00K,-0.87%
03/10/2026,0.227,0.227,0.227,0.227,,0.00%
03/11/2026,0.227,0.227,0.227,0.227,37.50K,0.00%
03/12/2026,0.227,0.226,0.227,0.226,213.79K,0.00%
